Name,Type,Price,Description,ImageName,ListDate
Heineken Lager - 12 bottles,Beer,32.40,"Smooth, nicely blended bitterness, clean finish. Wherever you go in the world, it’s always refreshing to see something you recognize. That green bottle, the red star, the smiling ‘e’… like an instant welcome from an old friend. Cold, fresh, high quality Heineken. Enjoyed near and far since 1873.",heineken_lager.jpeg,7/1/2021 12:00:00AM
Birra Moretti - 24 bottles,Beer,84.88,"Birra Moretti is brewed the traditional Italian way with an unchanged recipe since 1859. With a unique aroma, this bottom-fermented lager reflects the timeless Italian traditions of simple, yet exceptional ingredients.",birra_moretti.jpeg,7/3/2021 12:00:00AM
Tiger Beer - 24 bottles,Beer,53.99,"Tiger was born on the hot streets of Singapore - the tropical island city state - a busy trading destination and melting pot of Asian, Indian and British influences and culture. Our “tropical lagering” process brews a bravely creative and unpretentious lager.",tiger_beer.jpeg,7/5/2021 12:00:00AM
Duckhorn Napa Merlot 2002,Red Wine,179.99,"Highlighting estate vineyards and top Napa Valley sites, our renown Merlot reflects the diversity of the valley’s many appellations. Blending with Cabernet Sauvignon adds notable depth and structure, as well as signature flavors of black cherry, plum and spice.",duckhorn_napa_merlot_2002.png,7/7/2021 12:00:00AM
Blason de L' Evangile 2016 750ml,Red Wine,90.50,"Chateau L’Evangile is one of the oldest properties in Pomerol. In fact, Chateau L’Evangile has a long history dating all the way back to 1741. Chateau L’Evangile was founded by the Leglise family who resided in Libourne.
The first mention the Pomerol estate was under the name of Domaine de Fazilleau and later Le Domaine de L’Evangile ou de Fazilleau.
",blason_de_l'evangile_2016.png,7/9/2021 12:00:00AM
Chateau Latour Camblanes Cadillac Bordeaux 750ml,Red Wine,46.00,"Making up the majority of the blend, the Merlot varietal lends Latour Camblanes its refined, delicate profile. On the nose, pleasingly juicy red fruits are joined by finely nuanced spice. Velvety tannins underpin the wine’s bold fruit, bringing together freshly picked red berries, cocoa and cardamom. The wine’s tannic structure is finely balanced, supporting a harmonious finish.",chateau_latour_camblanes_cadillac_bordeaux.png,7/2/2021 12:00:00AM
Zonin - Fruili Pinot Gris/Grigio 750ml,White Wine,23.90,"Lightly dry yet extremely fresh. Its structure pleasantly balanced and elegant makes this an unusually refined and aristocratic wine. The grapes for the Zonin Fruili Pinot Gris/Grigio are subjected to a delicate crush and soft pressing with the use of presses operating under vacuum. Fermentation occurs at a controlled temperature of about 18°C (64°F), which preserves the fruitiness and the finest sensory characteristics of the wine. Injection of selected yeasts guarantees maximum quality of the wine’s aromas and flavors.",zonin_fruili_pinot_gris_grigio.png,7/4/2021 12:00:00AM
Cloudy Bay Sauvignon Blanc 2020 750ml,White Wine,71.00,"New Zealand's leading choice of Sauvignon Blanc and still going strong! The 2018 vintage enjoyed favourable climatic conditions during the harvesting period.
Thus allowing more steady ripening. The hand-picked fruits had ripe flavours, good concentration and great acid balance.
It is highly recommended to serve at a cold temperature but it can also be enjoyed on its own.",cloudy_bay_sauvignon_blanc_2020.png,7/6/2021 12:00:00AM
Mischief & Mayhem Meursault Premier Cru Blagny 750ml,White Wine,253.10,"Mischief & Mayhem Meursault was produced from Chardonnay vines with an average age of nearly 40 years, and spread between several excellent sites around villages of Meursault and planted in rocky limestone and marl soils.
Premier Cru wines are produced from Chardonnay grapes grown in strict conditions in Meursault premier vineyards.",mischief_&_mayhem_meursault_premier_cru_blagny.jpg,7/8/2021 12:00:00AM
Macallan M Decanter 700ml w/Gift Box,Whisky,"9,000.00","M is the iconic result of an unprecedented collaboration between three masters of their crafts who shared the same unique objective - to create the world's most sophisticated whisky contained in an exquisite, exclusively designed crystal decanter. A masterpiece of design, M is brought to conception by creative director and legendary designer Fabien Baron, brought to life by Lalique mastery of crystal and brought to purpose by The Macallan.",macallan_m_decanter.jpg,7/1/2021 12:00:00AM
Cragganmore 43 Year 700ml w/Wooden Gift Box,Whisky,"8,000.00","Cragganmore 43 Years Old is the oldest Cragganmore ever released by the original distiller, and Diageo believe it to be the oldest bottled as a single malt. From a hand-selected single cask release, just 474 bottles were produced and they are available exclusively in Paneco.com.",cragganmore.png,7/3/2021 12:00:00AM
The John Walker - Baccarat Crystal Decanter Blue Label 700ml w/ Gift Box,Whisky,"5,599.00","The John Walker is the ultimate celebration of progress - an enduring tribute to the life, vision and legacy of the man who started it all.

Known as the Founder’s Blend, it uses only whiskies that would have been familiar to John Walker in his lifetime, some of which come from distilleries that are now silent. Just nine distilleries in total contribute exquisitely-made whiskies, which are blended by hand using traditional methods and in extremely limited quantities, before being married together in a 100-year-old cask.

The blend itself is refined, sophisticated, supremely complex, yet harmonious. The magnificent presentation only hints at the experience to follow.",john_walker.jpg,7/5/2021 12:00:00AM
Absolut Vodka 1.75L,Vodka,46.80,"Absolut Vodka was first launched in New York in 1979. It soon became the talk of the town, in the US and eventually of the world. But the recipe behind the clean and natural taste of Absolut is actually older than 30 years. So is the 18th century medicine bottle found in an antique store in Stockholm, Sweden that gave inspiration to the iconic Absolut Vodka bottle.",absolut_vodka.jpeg,7/7/2021 12:00:00AM
Grey Goose Vodka 1.75L,Vodka,74.99,"Grey Goose® Vodka is a premium vodka, born of an extraordinary passion for spirit-making. It is created using only the finest French ingredients – the highest-grade wheat and pristine limestone-filtered spring water. It is a spirit of uncommon brilliance, unrivaled craftsmanship and signature smoothness and is an excellent choice as a gift.

Grey Goose® Vodka has an exquisite clear, fresh and elegantly aromatic taste. This is a premium vodka of unparalleled smoothness and exceptional taste, with subtle hints of almond and a long, satisfying finish.",grey_goose.jpg,7/9/2021 12:00:00AM
Smirnoff No.21 Vodka 1.75L,Vodka,41.50,"Whether you sip it on the rocks or with soda and a twist, Smirnoff No. 21 is the perfect addition to a cocktail party. Our award-winning, 80 proof vodka has robust flavor with a dry finish for ultimate smoothness and clarity.

Triple distilled and 10 times filtered, our vodka traditionally can be taken alone or added to your favorite mixed drink. Simply mix with ginger beer and lime juice for a classic Moscow Mule.

Founded in 1864, the Smirnoff brand traveled from Russia to the rest of the world due to our award-winning quality and smooth liquid. We pride ourselves on bringing our famous beverage to connoisseurs and newcomers alike, assuring the consistently great taste and quality expected from our traditionally distilled vodka. Please drink responsibly.",smirnoff_vodka.jpeg,7/2/2021 12:00:00AM
Hennessy VSOP 70cl,Brandy,120.00,"Hennessy Cognac VSOP Privilège is a cognac, which is a specific type of brandy produced in the town of Cognac, France. Production of cognac is strictly regulated by the BNIC, a French government institute. Brandy bearing the name """"""""Cognac"""""""" must be produced in Cognac, France and adhere to the following BNIC production rules: White wine used in crafting the spirit is fermented, then double distilled. The Aging must occur in Limousin oak barrels for at least 2 years, where the spirit picks up tannins, color, and complexity. Most cognacs are blends from multiple years. Label descriptions always refer to the age of the youngest eau-de-vie in the blend. Hennessy Cognac VSOP Privilège is categorized as a V.S.O.P cognac. VS. - more than 2 years. VSOP - more than 5 years. XO - more than 6 years.",hennessy_vsop.png,7/4/2021 12:00:00AM
Sullivans Cove Double Cask Brandy 70cl,Brandy,511.00,"Sullivans Cove XO Double Cask Brandy was born from a collaboration between Sullivans Cove Distillery and the thriving Tasmanian wine industry, when ten years ago we were given the opportunity to distill wines from the Huon Valley. The result is a spirit of incredible depth and character, matured for many years by the unique Tasmanian climate.

This Double Cask expression is a marriage of brandies aged from eight to ten years in various European and American oak casks, lending a complexity and nuance of flavour unmatched in Australian brandy. Perfect for sipping after a meal, pairing with your favourite cigar or in a decadent classic cocktail, this versatile brandy is custom built for lovers of all fine dark spirits.",sullivans_cove_double_cask_brandy.png,7/6/2021 12:00:00AM
Martell Cordon Bleu 70cl,Brandy,328.00,"Martell Cordon Bleu is endowed with beautiful complexity and rich aromas, making it a legendary cognac. Its high proportion of Borderies marks this blend, expanding on its caramelised character with the smoothness of sweet spices, gingerbread and roasted cocoa beans.",martell_cordon_bleu.png,7/8/2021 12:00:00AM
Gran Patrón Piedra 750ml,Tequila,612.00,"For Gran Patrón Piedra, it all starts with 100% Weber Blue agave grown in the Highlands of Jalisco, Mexico, of which only the best are selected for this, Gran Patrón Platinum and Gran Patrón Burdeos. The agave is slowly steam-cooked before being crushed with a two-ton Tahona. The Tahona is a traditional method that utilizes a two-ton volcanic stone wheel to extract the sugary juice from the agave, which is then fermented, distilled, and aged in barrels. Piedra, which means “stone” in Spanish, is created entirely from the traditional Tahona process – a process that few tequilas are made with anymore.",gran_patron.jpg,7/1/2021 12:00:00AM
Don Julio 1942 700ml,Tequila,86.00,"The Don Julio 1942 was produced to commemorate Don Julio Gonzalez-Frausto Estrada, founder of Don Julio Tequila. He did his first distillation at a tender of 17 year old in 1942.",don_julio.png,2021-07-08
Kah Anejo Tequila 700ml,Tequila,126.00,"It is a small batch Anejo tequila and matured for at least 30 months in American white-oak which makes it smooth and notes of tropical fruit, agave and a hint of cinnamon spice.",kah_anejo.jpg,2021-07-08
Roku Gin 70cl,Gin,119.00,"The first gin from Japan's legendary Suntory - Roku Gin. This expression is made using a selection of botanicals, including six Japanese botanicals provide a whistle-stop tour of the four seasons. These include sakura leaf and sakura flower for spring, sencha tea and gyokuro tea for summer, sansho pepper for autumn and yuzu peel for winter. Traditional gin botanicals also featured include the likes of juniper, orange peel, lemon peel, coriander and cinnamon, among others.",ki_no_bi_kyoto_sei_navy_strength.png,2021-07-06
Ki No Bi Kyoto SEI (Navy Strength) 70cl,Gin,188.00,"Initially bottled for the 2017 Tokyo International Bar Show, the Kyoto Distillery's Ki No Bi Navy Strength is made with the same 11 botanicals distilled in six flavour categories as the original expression, but with the final blend tweaked to fully showcase the botanicals at the higher proof. Fun fact: Ki No Bi Navy Strength is bottled at 54.4% ABV, which was always the traditional British Navy Strength (rather than the more widely used 57%). Nose: Classic Ki No Bi freshness, but packing a punch. Yuzu and juniper notes really sing. Palate: Refreshingly floral and aromatic, with but with a real creamy, full-bodied mouthfeel. Finish: Long, led by classic juniper and citrus notes. Overall: Elegant and harmonious, even with the hefty ABV. Perfect for cocktails, or a more robust G&T.",roku_gin.png,2021-07-05
Star Of Bombay London Dry Gin 70cl,Gin,152.00,"Star of Bombay is a higher-strength, super-premium variant of Bombay Sapphire. The classic notes of juniper, angelica and coriander have been intensified, with the addition of bergamot and ambrette seeds offering extra exoticness. A rich and intense gin.",star_of_bombay_london_dry_gin.png,2021-07-06
Sheridans 1L,Liqueur,79.00,Sheridan's is a coffee liqueur produced in Dublin by Thomas Sheridan & Sons and was first introduced in 1994. Its uniquely shaped bottle is a combination of white milk chocolate liqueur and black liqueur with coffee and whisky flavors.,sheridans.jpg,2021-07-01
Bear Hug Rum Infusion Mango 1L,Liqueur,66.00,"A tropical paradise infusion. Juicy, sweet, sun-grown mangos artfully merged with Premium five-times distilled plantation virgin Rum from Barbados.",bear_hug_rum_infusion_mango.jpg,2021-07-02
Pinaq Original 1L,Liqueur,98.00,The vibrant sweetness of Tropical Gold pineapple and aromatic notes of passion fruit balanced perfectly with smokey French VSOP Cognac and 3 Kilos Vodka for an exceptionally smooth yet daringly bold experience.,pinaq_original.jpg,2021-07-06
Bacardi Superior White 75cl,Rum,56.00,"The most famous white Rum in the world, Bacardi is sold in over 100 countries and used in countless cocktails. A light and clean spirit, Bacardi is filtered through charcoal for purity and aged in white oak for character.",bacardi_superior_white.png,2021-07-03
Bacardi 151 75cl,Rum,159.00,"The Bacardi 151° (75.5%acl) is one of Bacardi's signature rums mainly used to create cocktails due to its high alcohol content. Due to the rum's flammable nature, it is used to make flaming drinks like the B-52 and Caribou Lou.",bacardi_151.png,2021-07-03
Dictador Solera XO Perpetual 70cl,Rum,269.00,"A premium Columbian Solera rum from Dictador, complete with their European design and Japanese bottles. This XO release is aged in the finest oak casks and brought down to 40% abv with demineralised water. The second of a pair of XO rums from Dictador, the Perpetual follows the Insolent with a sweet and fruity take on old rum, packed full of orange marmalade, butterscotch and tobacco**44.",dictador_solera_xo_perpetual.png,2021-07-04